penalty,deficit_cost,total_leaching_gN_per_m2,violated
0.0,0.0017681429087777446,0.008042961108314506,1.0
0.0,0.0026444491208907654,0.026472281756385076,1.0
0.0,0.0031994676256718027,0.0,0.0
0.0,0.001650006725890477,2.178876226773932,1.0
0.0,0.0025624748062438034,0.0,0.0
0.0,0.002623562463755599,4.1038460633400065e-05,0.0
0.0,0.005605066070142994,0.005368175261111516,0.0
0.0,0.004819724202222623,5.427457460669228,1.0
0.0,0.0026352422342682267,0.13929572802548465,1.0
0.0,0.002649115797000868,0.1140179546663065,1.0
0.0,0.002413118770808004,0.006439031851290327,1.0
0.0,0.002348873176224206,0.10669566934326251,1.0
0.0,0.0028310495252868648,0.048579810528870476,1.0
0.0,0.002138195979384193,0.03961159821741329,1.0
0.0,0.0025629787173563484,0.11687723190685766,1.0
0.0,0.0022595223876678105,0.0011470415645866484,1.0
0.0,0.002896680676118455,0.0,0.0
0.0,0.005045664695539789,1.0936899828271094,1.0
0.0,0.00285305979279438,0.0,0.0
0.0,0.0034182353853607923,0.0,0.0
0.0,0.00795151972473307,2.731909114544149,1.0
0.0,0.001876186205657636,0.022754600724122026,1.0
0.0,0.002438455095658337,0.0001771762323887368,1.0
0.0,0.0025653778390626433,0.0029553600257759553,1.0
0.0,0.0030103149362421104,0.0017227685615412854,1.0
0.0,0.0030948522475261536,0.0,0.0
0.0,0.003094172976963206,0.0,0.0
0.0,0.003183454663577022,0.8322481643775348,1.0
0.0,0.002514516146282457,0.03962043507085533,1.0
0.0,0.0029401208830150192,0.07301560586440652,1.0
0.0,0.00612428456262611,0.007712127869436476,0.0
0.0,0.005904108289025899,0.012094388579503436,1.0
0.0,0.0036249413444355244,0.0,0.0
0.0,0.0025633950327228184,0.14485850145575072,1.0
0.0,0.002531843017553801,0.0,0.0
0.0,0.004058304251983756,0.8918876236665616,1.0
0.0,0.0030724104206126843,4.017877408470959e-05,0.0
0.0,0.0021329959498650243,0.002065308303962711,1.0
0.0,0.004375735913328014,0.2893275851654429,1.0
0.0,0.0031969941071220247,0.0,0.0
0.0,0.005517466133319834,0.04907905790274246,1.0
0.0,0.003144334306017392,0.02010044682407833,1.0
0.0,0.00360230402773338,0.0,0.0
0.0,0.0025711928569909608,0.32069523215959944,1.0
0.0,0.0046342764215794585,0.0,0.0
0.0,0.0039434017752931075,0.00033189924969161225,1.0
0.0,0.002990287089583103,0.0018620100655239796,1.0
0.0,0.0029886920663076376,0.001964059040413743,0.0
0.0,0.003421220775216938,0.002728312104963091,1.0
0.0,0.003258518197532849,0.0006937804898981953,1.0
0.0,0.0037194358819019717,3.711667129586415e-06,0.0
0.0,0.003563853589027075,3.6058030127136482,1.0
0.0,0.0027948093056597723,6.214879251545706e-05,1.0
0.0,0.0031169321448569253,1.920588408939062e-05,0.0
0.0,0.0025002904661365127,0.0006456109673581726,1.0
0.0,0.0033527127865427718,0.00019433326920948775,1.0
0.0,0.0033235624035297855,0.2297912495336133,1.0
0.0,0.0024571914453731017,0.02638272273263773,1.0
0.0,0.006328607507977536,0.0,0.0
0.0,0.002571301676846755,0.0,0.0
0.0,0.002661212711769801,0.4489030416707742,1.0
0.0,0.0035489116608189747,0.016994601532921195,1.0
0.0,0.0023650140327477684,5.0738999204264266e-05,1.0
0.0,0.002570029561295928,0.00033397004082014826,1.0
0.0,0.0050178979468487326,0.0,0.0
0.0,0.002180569063247397,0.3539477212130842,1.0
0.0,0.0027214283551891564,0.0027162537870489833,1.0
0.0,0.0019028359976069895,0.0,0.0
0.0,0.004354291070694971,0.8391379891688179,1.0
0.0,0.0022623589663469655,0.004617035786804474,1.0
0.0,0.0024635803777691336,1.0419780992288852,1.0
0.0,0.003095243884831238,7.255418660374631e-05,1.0
0.0,0.0033856751176733427,0.0,0.0
0.0,0.0023547606022822666,0.9879161425052086,1.0
0.0,0.003442922778748392,0.17397268335945032,1.0
0.0,0.004137906455970305,0.0005720013706631501,0.0
0.0,0.002967371463897535,2.917006626584897,1.0
0.0,0.0037415430593263927,7.23922142692529e-06,0.0
0.0,0.002850489680369019,0.005290533059978759,1.0
0.0,0.0035173361405080217,0.002733811998369436,1.0
0.0,0.002696866987724131,0.006822182249585913,0.0
0.0,0.0024359540126975966,0.00033399678932943323,1.0
0.0,0.0030278697719376708,2.0796231336808018,1.0
0.0,0.00366394592973648,0.6530505586844556,1.0
0.0,0.0026391665690174695,0.014295358055858408,1.0
0.0,0.0027324090032441284,0.01563159681511132,1.0
0.0,0.003683652468192491,0.0859892345583078,1.0
0.0,0.003797949080610047,0.00042717967417692845,1.0
0.0,0.004163073648030016,0.044719205760110986,1.0
0.0,0.0032212804111836817,0.004169435111739828,1.0
0.0,0.0028511817571996246,2.5695073115170968e-06,1.0
0.0,0.0036834894091861228,0.00039436426142767315,1.0
0.0,0.0034044129451118073,0.2916721341993334,1.0
0.0,0.002779118271977372,0.004104949181218325,1.0
0.0,0.0036465577627125224,1.1722817964311089e-06,0.0
0.0,0.003310612510254598,0.005842760523302209,1.0
0.0,0.0026559261984882075,0.190205236786309,1.0
0.0,0.002800055455237175,0.8761685325078991,1.0
0.0,0.0027747659723641994,0.0019799420452634125,1.0
0.0,0.0028014069076811193,0.0,0.0
0.0,0.0029930708394838093,0.5270800804579064,1.0
0.0,0.0045347002735277074,5.832899458961987,1.0
0.0,0.0033208565988892486,0.587626043139918,1.0
0.0,0.002554719388463838,0.024392561457138525,1.0
0.0,0.004877093800199633,0.003699417026228084,1.0
0.0,0.0028029754181117094,0.00102546256830693,1.0
0.0,0.0027907382523623143,0.0030059304333617384,1.0
0.0,0.0021451482363044278,0.02569520735011956,1.0
0.0,0.0025984209902181273,2.8419679482595003e-05,0.0
0.0,0.0018372099216758604,2.803679188780132,1.0
0.0,0.002763508660234635,0.0,0.0
0.0,0.002474825849289852,0.0017424324537159458,1.0
0.0,0.0030839605640921365,0.0,0.0
0.0,0.0027190437601764686,0.16332207031267856,1.0
0.0,0.003601157945003266,0.00012191159604631195,1.0
0.0,0.0036059506509564733,3.357910868030313,1.0
0.0,0.0038014971326149984,0.0,0.0
0.0,0.0025543801217451827,0.0005080716242160928,1.0
0.0,0.005022331923981506,0.0,0.0
0.0,0.002794489327728686,0.3544904035120113,1.0
0.0,0.0033411531959185383,1.8729231061356234e-06,1.0
0.0,0.0026388873819053553,0.002148312383007823,1.0
0.0,0.004653200066678693,0.5848496647785133,1.0
0.0,0.0037748196634761213,0.0002001907061335773,1.0
0.0,0.0024855899080688517,0.10205044089349437,1.0
0.0,0.00339271297949976,2.193906012818237,1.0
0.0,0.002618423994511894,0.0015958728393077,1.0
0.0,0.0032055216367349627,0.8834124909911932,1.0
0.0,0.0024211227499118045,0.007572184322580067,1.0
0.0,0.002467854903567683,0.010875177300972467,1.0
0.0,0.0020851781546210217,0.005151028142240512,1.0
0.0,0.0024624039093785553,3.7141033266797496e-06,0.0
0.0,0.002713757780577989,0.0018099912989999094,1.0
0.0,0.006764858198213283,0.0,0.0
0.0,0.004310954073236302,2.0863883923330944,1.0
0.0,0.003993155692398226,0.7542457068700034,1.0
0.0,0.0019651516977958463,0.001327694961590955,1.0
0.0,0.0023984497667922863,0.22011877110555808,1.0
0.0,0.004907067536795385,3.978185135321815e-06,0.0
0.0,0.0026161369689913015,0.00022560838963841965,1.0
0.0,0.003461689946236089,0.0,0.0
0.0,0.0035554298300709167,0.0,0.0
0.0,0.0026163619436516297,0.9993309846243875,1.0
0.0,0.0028073504042632215,0.0,0.0
0.0,0.003590192618589275,2.5731156257662,1.0
0.0,0.004224041987573828,0.573532013863005,1.0
0.0,0.0027837544175065973,2.154279908936212,1.0
0.0,0.0028389135821043415,8.23820454666289e-05,1.0
0.0,0.005094203413411574,0.07547270095354887,1.0
0.0,0.002179272148167557,0.37403768306280893,1.0
0.0,0.002668900563325911,0.000493582607338858,1.0
0.0,0.0029982271596413067,0.0,0.0
0.0,0.0014914390540527575,0.0,0.0
0.0,0.0027797844986948432,0.001174456191784657,1.0
0.0,0.0035781565580015936,0.0,0.0
0.0,0.0030367890651754915,0.008802625427331526,1.0
0.0,0.002689622002157565,0.0,0.0
0.0,0.00268527915123003,0.0004486683485699689,1.0
0.0,0.0025447339286701286,0.010910070579587552,1.0
0.0,0.0026343708956281173,0.00014401729542245015,1.0
0.0,0.0031164461539472184,0.0,0.0
0.0,0.0028677870394864836,1.3350400773611744e-05,1.0
0.0,0.0028307500593206434,0.10251306580180003,1.0
0.0,0.0024152667257725286,0.0014370285082825076,1.0
0.0,0.002301926146451979,0.7161431010627339,1.0
0.0,0.002654741534797327,0.16325685216296135,1.0
0.0,0.003984796351890533,0.001688238971224488,1.0
0.0,0.002827137786579319,0.025357844446060887,1.0
0.0,0.0030551167263586634,0.0018323306999601919,1.0
0.0,0.003727863856147419,5.413177540565343e-06,0.0
0.0,0.0031209507972017295,0.0,0.0
0.0,0.0032520634367754807,0.062348067561725146,1.0
0.0,0.0022110325547796857,0.01306266227460753,1.0
0.0,0.002885705934237709,0.04113536722975337,1.0
0.0,0.0030816688864162035,0.0007132789079956817,1.0
0.0,0.003076583152380809,0.0,0.0
0.0,0.004297529258656735,0.0009737763423573238,1.0
0.0,0.0022484180620534915,0.001152564253348673,1.0
0.0,0.003259210095437379,0.12167077405958726,1.0
0.0,0.002875225144550458,0.0,0.0
0.0,0.003947427008212374,0.0,0.0
0.0,0.002638798090920495,0.9845890249859887,1.0
0.0,0.003371885563396484,1.776079996312936,1.0
0.0,0.003375700287782248,0.07375945442906384,1.0
0.0,0.0030375154133094467,0.014152218616586706,1.0
0.0,0.003627780329007496,5.853692222556025e-05,1.0
0.0,0.0036623780755684534,0.00011338226012797731,1.0
0.0,0.0032145829023168364,0.15698353675046173,1.0
0.0,0.0030256158998750327,1.117304351784365,1.0
0.0,0.007924617064143748,5.23068528165889,1.0
0.0,0.002354450124319503,0.0962884162081575,1.0
0.0,0.003402485965111896,0.09979115714577913,1.0
0.0,0.0031968194978339148,0.9566763225213459,1.0
0.0,0.0026120661204250203,0.2708472359541291,1.0
0.0,0.004004077198384669,0.0,0.0
0.0,0.003392997674508262,0.0,0.0
0.0,0.0036750751956067793,0.27661984254442257,1.0
0.0,0.002612603873287756,0.0008169343264197094,1.0
0.0,0.005302957770830551,0.0006044150649278815,1.0
0.0,0.002540061860309545,0.746296412697181,1.0
0.0,0.0026244783317639635,4.953828793058322e-05,1.0
0.0,0.003066601847846148,0.2350794359197112,1.0
0.0,0.003039439372047051,1.5793266661837917,1.0
0.0,0.002373863907531896,0.041206095293670815,1.0
0.0,0.003723038940553355,9.63737126509152e-06,0.0
0.0,0.0030910295403012308,0.005456860907158737,1.0
0.0,0.002783817882107225,7.263470913166524e-05,0.0
0.0,0.0029250005415873566,0.0006289767840667401,1.0
0.0,0.0031607705137046286,5.008507479315353e-05,0.0
0.0,0.00467711858649533,0.004632194756485046,1.0
0.0,0.0027350962660363702,0.0,0.0
0.0,0.004382321210255074,0.0,0.0
0.0,0.0032421701042737983,0.013147840360240528,1.0
0.0,0.004991088500225152,4.179957440383409,1.0
0.0,0.003591555899727111,0.008996564168920747,1.0
0.0,0.0021605689284167943,0.002271119537290086,1.0
0.0,0.00226244840058402,0.22016472938732487,1.0
0.0,0.002496335358625502,0.00010501216576396644,1.0
0.0,0.003858184335686346,0.0024212697313293024,1.0
0.0,0.003273541481311269,0.01661861476855195,1.0
0.0,0.006020016075040678,0.0012473292804776831,0.0
0.0,0.0034752633525259114,0.09573440503689863,1.0
0.0,0.0046773186703354674,3.4825595562783157e-06,0.0
0.0,0.003679938183215659,0.0,0.0
0.0,0.002333036569119427,9.87824077225414e-05,1.0
0.0,0.0029355408855195634,0.0002555252800794105,1.0
0.0,0.003099535095798571,0.0005518255286622167,1.0
0.0,0.0037834811397068025,0.00026864551539541046,1.0
0.0,0.0026393446805699533,0.005592695629183527,1.0
0.0,0.002506867561180838,0.009295506925873836,1.0
0.0,0.0020133277966134858,0.016091169200172756,1.0
0.0,0.004384733972464347,0.0,0.0
0.0,0.004034020516196249,0.0,0.0
0.0,0.002528243988967138,0.00038214320357255865,1.0
0.0,0.0021443076504977657,0.0007857618090625538,1.0
0.0,0.005318890446854324,0.0,0.0
0.0,0.002953909731212929,0.003137253599962554,1.0
0.0,0.002604239825652605,0.002651836358011838,1.0
0.0,0.0035758733614270665,0.0,0.0
0.0,0.004380515806668171,1.7107838876304688,1.0
0.0,0.0024559517332630697,0.0017152008117525585,1.0
0.0,0.004020458338987382,0.0,0.0
0.0,0.0028901864786664015,4.457845635154762e-07,0.0
0.0,0.002582218945782193,1.1024720731363276,1.0
0.0,0.0033342208269140426,0.33906057566031317,1.0
0.0,0.003212539788373916,0.7062083417852123,1.0
0.0,0.0030112680317066647,0.013158886325442177,0.0
0.0,0.002408240117204883,0.0017882435329862883,1.0
0.0,0.002959306495157261,0.0335060470488721,1.0
0.0,0.0028936558155077115,0.00030583631991388047,1.0
0.0,0.004946663026189934,0.0854449991976599,0.0
0.0,0.0038265708333806796,0.0,0.0
0.0,0.003229993233805329,0.04720001225059001,1.0
0.0,0.0025036728712999707,0.018508620542838465,1.0
0.0,0.004000753534015256,0.002793779391148056,1.0
0.0,0.002412960354879319,0.46104888516198933,1.0
0.0,0.0026410511590487648,0.0013486434280412208,1.0
0.0,0.0027336009245685655,0.01992580566324026,1.0
0.0,0.003640813826887558,0.0007675123569150067,1.0
0.0,0.003465069619005698,0.0157419382197888,1.0
0.0,0.0020229182116191123,0.003658099612307121,1.0
0.0,0.00462246515111605,0.10663161471656925,1.0
0.0,0.003265717580507175,0.31443501802924184,1.0
0.0,0.002697254797334684,0.0032731154855536212,1.0
0.0,0.0024929222843634927,1.6674536837106597,1.0
0.0,0.0026413016130723524,0.003095416505979218,1.0
0.0,0.002643327883879997,0.06720727893562403,1.0
0.0,0.003679804007875003,3.115631328588403e-05,1.0
0.0,0.002221492305489133,0.7543275827026578,1.0
0.0,0.0038570571521242968,0.18361601216934656,1.0
0.0,0.002163550997127844,0.0,0.0
0.0,0.0026409419044845068,0.004154271853957541,1.0
0.0,0.004851096920014978,0.0,0.0
0.0,0.003267971489550378,0.0012205382783268776,1.0
0.0,0.002221652617273331,0.4598110934410215,1.0
0.0,0.003942148366901549,0.006312671262499447,1.0
0.0,0.0027981970021580074,0.026277703087228883,1.0
0.0,0.003374357982322057,0.542768076050991,1.0
0.0,0.0036447366951321137,0.0009528240938138307,1.0
0.0,0.0035008823936959143,0.0004144913618932973,1.0
0.0,0.001810646220708438,0.0,0.0
0.0,0.0038561381930214116,0.0002791477585265153,1.0
0.0,0.0030891035502022333,9.625240042584656e-05,1.0
0.0,0.002563930451539638,0.0,0.0
0.0,0.0032940507010178663,0.0,0.0
0.0,0.004257038160923459,1.6333185005499584,1.0
0.0,0.002539942923054845,0.009257611257355972,1.0
0.0,0.0030138419506591336,1.339700174180883,1.0
0.0,0.002516196479555732,0.02523366199534168,1.0
0.0,0.002762669477092762,0.0,0.0
0.0,0.0034605010334101817,0.15571771689831876,1.0
0.0,0.0030969949789403602,0.0007105188199569356,1.0
0.0,0.004917612374415051,0.0,0.0
0.0,0.0026817303844650195,0.07777623598456232,1.0
0.0,0.0024391332955952926,0.22662775799206294,1.0
0.0,0.003451873720089236,5.5963443778939736e-05,1.0
0.0,0.0023090084323581683,0.2145526351904802,1.0
0.0,0.004658578560904108,0.00077479716990404,1.0
0.0,0.0030151771818537664,0.19140949535338264,1.0
0.0,0.005307315646575067,0.000227077297222705,1.0
0.0,0.0023155519100312464,0.03978876015440536,1.0
0.0,0.004590974894508603,0.06313591564525492,1.0
0.0,0.007160292722346184,0.0,0.0
0.0,0.0026565411721279895,0.00047968345994034737,1.0
0.0,0.002822096379061744,0.01955391379051426,0.0
0.0,0.004785673207758343,0.0,0.0
0.0,0.0035355298663701244,4.5258448035708545,1.0
0.0,0.003384802480821147,0.003639385334736293,1.0
0.0,0.004613015483706986,0.16815977946015087,0.0
0.0,0.003566857187129062,0.0,0.0
0.0,0.004635599316248185,3.773822829999059,1.0
0.0,0.0023732943720763213,0.07790109697862169,1.0
0.0,0.0016577522145315778,0.03784025532132681,1.0
0.0,0.0030412331362017872,0.013329454795092625,1.0
0.0,0.0025481555156135183,0.04131362521106923,1.0
0.0,0.0020818969362602006,0.0,0.0
0.0,0.0034588476992531677,0.8394855226730882,1.0
0.0,0.002517015555302124,0.03620952808312039,1.0
0.0,0.003832739830406976,0.006028133183184985,1.0
0.0,0.002365116012687311,0.0033192376474034716,1.0
0.0,0.0026371521437128574,0.5150881906858408,1.0
0.0,0.002814562836444354,0.03782360097826657,1.0
0.0,0.0031908348211026217,3.087257053636521e-05,1.0
0.0,0.0029313791056120204,0.00010012449370225171,1.0
0.0,0.0030051406860969326,0.004304722561039778,1.0
0.0,0.00278879162248805,0.0,0.0
0.0,0.004393559750663877,0.0,0.0
0.0,0.0021388641153487183,0.028972427167048006,1.0
0.0,0.005742859769067213,2.8493840898704037,1.0
0.0,0.002785636263376391,2.3484230220896487,1.0
0.0,0.002536304842964475,0.04369845738154098,1.0
0.0,0.0031765611646572206,0.0,0.0
0.0,0.00429975192154255,0.2937946639864899,1.0
0.0,0.0040389324914994,0.0035600402672251374,1.0
0.0,0.002278493037012539,0.0982582583232039,1.0
0.0,0.0032139198844512128,0.02105677377789719,1.0
0.0,0.0029505073212948694,0.004469575913190315,0.0
0.0,0.0029493386747203526,8.591076645980312e-06,1.0
0.0,0.0028457288977927213,0.007999605847783912,1.0
0.0,0.0032821914942896655,0.7805490443571148,1.0
0.0,0.0028246037663218547,0.018125914074652322,1.0
0.0,0.003950320916932735,0.0010718410348164245,1.0
0.0,0.002156598693435758,1.8840674270158153,1.0
0.0,0.002259105845824273,0.004408892255040037,1.0
0.0,0.0027118403919331735,0.0013620483567672388,0.0
0.0,0.0029769854709706042,0.0,0.0
0.0,0.002870257914584194,0.0319489808551087,1.0
0.0,0.003955218872178743,0.11332717797934022,1.0
0.0,0.0025649109778036424,0.1485473452965756,1.0
0.0,0.0024999278389891346,0.4745707322082193,1.0
0.0,0.0024170206167711573,0.06528953506716771,1.0
0.0,0.0024588133853269477,0.0018549088027089826,1.0
0.0,0.004323165010870122,0.0,0.0
0.0,0.0034308513720362264,0.4096016006824602,1.0
0.0,0.002746101620684275,0.008674756628592422,1.0
0.0,0.003469624908980451,0.0,0.0
0.0,0.002440744121817852,0.0003521610528095882,1.0
0.0,0.00222431485098766,0.16115527438199553,1.0
0.0,0.002837866597248685,1.4515616764342958,1.0
0.0,0.003475739179328461,0.0,0.0
0.0,0.003443580874871508,3.7852247882521776e-05,1.0
0.0,0.002093731924374492,0.0,0.0
0.0,0.0037568251962412833,0.0,0.0
0.0,0.004545384535793026,0.00020134648362056794,1.0
0.0,0.0023915974893946265,0.06760955710266305,1.0
0.0,0.0042784910085741186,0.0,0.0
0.0,0.0037324184545124354,0.3353001805143114,1.0
0.0,0.0025760945460947724,5.70812159269072e-05,1.0
0.0,0.002941827975813117,0.0036239232019455534,1.0
0.0,0.005677111300846073,0.0,0.0
0.0,0.005131894139997913,0.00016567849605300048,1.0
0.0,0.0027785730397660445,0.08255286745490407,1.0
0.0,0.0035769742217622645,5.283235041093878e-05,1.0
0.0,0.0019104362505927572,0.012861333231990827,1.0
0.0,0.002565136171299198,0.4647910735590023,1.0
0.0,0.0038947344046237,0.0,0.0
0.0,0.005451181220332131,5.290477754348116,1.0
0.0,0.0031514825586910753,0.0,0.0
0.0,0.0033279328091780627,1.7339330310484418,1.0
0.0,0.002684985710913788,0.03311654714200482,1.0
0.0,0.0027612036111237413,0.2530679774386654,1.0
0.0,0.003568177198031929,1.8017226034282112,1.0
0.0,0.0032368267953214046,0.0,0.0
0.0,0.0028846759655390443,0.18281450252144957,1.0
0.0,0.004048103006558952,0.0,0.0
0.0,0.002906691874380061,0.0,0.0
0.0,0.0023889268616841455,0.21611121444056391,1.0
0.0,0.0051137690192843,1.7989574890979125,1.0
0.0,0.0038740653320117873,0.0006624901875300828,0.0
0.0,0.002093842432869532,0.07142273677531662,1.0
0.0,0.0038142869045567976,0.0,0.0
0.0,0.00412710913989622,0.0,0.0
0.0,0.002962296513575806,0.5258108113011772,1.0
0.0,0.006330229556791403,0.0,0.0
0.0,0.0034126353471107007,0.260372286954968,1.0
0.0,0.003324516800713406,0.09905629988008983,1.0
0.0,0.0026906801224988413,0.5229093312706341,1.0
0.0,0.0027232332490733707,0.020669046634686203,1.0
0.0,0.0025590616823696513,0.05426774461649554,1.0
0.0,0.005241465518732986,0.0,0.0
0.20126710688876742,0.004301319265166333,0.006401065505936705,1.0
0.20126710688876742,0.03485197217832109,0.003355781938684962,0.0
0.20126710688876742,0.044161157641999904,0.0,0.0
0.20126710688876742,0.04376171510819263,0.16536706566695317,0.0
0.20126710688876742,0.03451862916046372,0.0,0.0
0.20126710688876742,0.04313379254197819,3.849069794142998e-05,0.0
0.20126710688876742,0.0357705966586062,0.0012212038377337957,0.0
0.20126710688876742,0.0028855537724709057,4.44225281362652,1.0
0.20126710688876742,0.005997100471309247,0.11180676158469766,1.0
0.20126710688876742,0.005308486671752668,0.09615175423651406,1.0
0.20126710688876742,0.005335096601579052,0.004068291460387427,1.0
0.20126710688876742,0.003338631879197332,0.08037501510687538,1.0
0.20126710688876742,0.03444760473298958,0.0016768730531981784,0.0
0.20126710688876742,0.002286241068739853,0.2830322728415158,1.0
0.20126710688876742,0.033984107485150336,0.013438047466267698,0.0
0.20126710688876742,0.0038672061839458856,0.0011890604597605242,1.0
0.20126710688876742,0.0351715875894648,0.0,0.0
0.20126710688876742,0.00442941716423656,0.8584798828475271,1.0
0.20126710688876742,0.034216772075653254,0.0,0.0
0.20126710688876742,0.044724380106325484,0.0,0.0
0.20126710688876742,0.01053595908305999,2.0267384090883467,1.0
0.20126710688876742,0.0076325799496097455,0.1493944566664067,1.0
0.20126710688876742,0.03401359659369213,1.5181924992133272e-05,0.0
0.20126710688876742,0.04329307020164847,0.0011291157864954768,0.0
0.20126710688876742,0.0040134952133447435,0.004214360989306263,1.0
0.20126710688876742,0.033615994425580976,0.0,0.0
0.20126710688876742,0.034617296033691965,0.0,0.0
0.20126710688876742,0.0026032045917925247,0.6881096679309506,1.0
0.20126710688876742,0.004699346937790082,0.05085670090851267,1.0
0.20126710688876742,0.004773424666318205,0.06218771853843394,1.0
0.20126710688876742,0.03516613488577275,0.003304304831728314,0.0
0.20126710688876742,0.035165156040058564,0.006702220394699008,0.0
0.20126710688876742,0.036159846231492196,0.0,0.0
0.20126710688876742,0.005030087763178422,0.11686195099596564,1.0
0.20126710688876742,0.04348798382798225,0.0,0.0
0.20126710688876742,0.006419934295612726,0.6344179938877661,1.0
0.20126710688876742,0.044145854215445646,3.442468450079407e-05,0.0
0.20126710688876742,0.04250898602927734,0.00014364807186206018,0.0
0.20126710688876742,0.006613092924400153,0.18864727739626239,1.0
0.20126710688876742,0.03570304038841127,0.0,0.0
0.20126710688876742,0.00853902702793119,0.04753432582694257,1.0
0.20126710688876742,0.0033496146482886718,0.0043172240636545345,1.0
0.20126710688876742,0.04496737837707718,0.0,0.0
0.20126710688876742,0.005363176174839113,0.3183585681555921,1.0
0.20126710688876742,0.046084455243521616,0.0,0.0
0.20126710688876742,0.003993937682444954,0.0002697342457754586,1.0
0.20126710688876742,0.002338395732519425,0.06028937247771919,1.0
0.20126710688876742,0.043680729747925584,0.0015845950826712733,0.0
0.20126710688876742,0.0068078901197932895,0.02401859070794495,1.0
0.20126710688876742,0.034249154921687376,9.764105792805363e-05,0.0
0.20126710688876742,0.04502999685981694,3.117430395061344e-06,0.0
0.20126710688876742,0.003685417790701617,2.994656042757008,1.0
0.20126710688876742,0.03538356766912559,4.895162303106839e-06,0.0
0.20126710688876742,0.041343449634212014,1.7847649637016545e-05,0.0
0.20126710688876742,0.003270240543986264,0.00032028676710641125,1.0
0.20126710688876742,0.03389990588055777,4.42055670497572e-06,0.0
0.20126710688876742,0.005102577597317397,0.14537662755764844,1.0
0.20126710688876742,0.043428478541510815,0.01076113419184638,0.0
0.20126710688876742,0.03538953641448954,0.0,0.0
0.20126710688876742,0.03478428055798711,0.0,0.0
0.20126710688876742,0.008903945398780887,0.6189761251023563,1.0
0.20126710688876742,0.0036822140648083844,0.013177642153691363,1.0
0.20126710688876742,0.0044097822808052915,4.682136439809269e-06,1.0
0.20126710688876742,0.00527598691845877,0.0001821090591409205,1.0
0.20126710688876742,0.04602489460714453,0.0,0.0
0.20126710688876742,0.002825955616899903,0.07034606760068532,1.0
0.20126710688876742,0.04385770055526982,5.819977672542559e-05,0.0
0.20126710688876742,0.044662752271436595,0.0,0.0
0.20126710688876742,0.006372491872280295,0.7440772303867323,1.0
0.20126710688876742,0.04282549893968349,0.00029259711228608236,0.0
0.20126710688876742,0.005141743165724857,0.878463266642472,1.0
0.20126710688876742,0.033532623290140555,2.5821536520610456e-05,0.0
0.20126710688876742,0.044766507210198495,0.0,0.0
0.20126710688876742,0.004217490913046236,0.7202683795720786,1.0
0.20126710688876742,0.03513337562919501,0.0032393563297315746,0.0
0.20126710688876742,0.04207214336210702,0.0002383538238274153,0.0
0.20126710688876742,0.010307503607033695,2.3168886890290046,1.0
0.20126710688876742,0.04523734761903387,6.074163773674102e-06,0.0
0.20126710688876742,0.03400832427692361,0.0011490904502192791,0.0
0.20126710688876742,0.033919470945215094,0.0002735574904202988,0.0
0.20126710688876742,0.04345215149082898,0.005984530795071922,0.0
0.20126710688876742,0.002525056145594645,0.0035727992940792685,1.0
0.20126710688876742,0.004549479143272018,1.195712547197382,1.0
0.20126710688876742,0.0021133373154182057,0.09158131088181029,1.0
0.20126710688876742,0.004024352223040734,0.014284276967857428,1.0
0.20126710688876742,0.044844777542416794,0.0030154698854196796,0.0
0.20126710688876742,0.006202737992690993,0.06949309950260771,1.0
0.20126710688876742,0.04471304398167392,0.00018473853938576334,0.0
0.20126710688876742,0.03422517913503061,0.006527330935250653,0.0
0.20126710688876742,0.0015364527059655486,0.0024778080955619396,1.0
0.20126710688876742,0.03450782257669696,6.651798742780174e-07,0.0
0.20126710688876742,0.003721879064948161,0.0003450759393965471,1.0
0.20126710688876742,0.005299541945204765,0.29618763580277274,1.0
0.20126710688876742,0.034293481461707936,0.00026715252450769866,0.0
0.20126710688876742,0.03398123356299658,4.688288152283294e-07,0.0
0.20126710688876742,0.03419883924164531,0.0003472631012814032,0.0
0.20126710688876742,0.004583857083456635,0.1589057343884084,1.0
0.20126710688876742,0.005660213750077255,0.034473538508267024,1.0
0.20126710688876742,0.005476857564083558,0.00027793052821150076,1.0
0.20126710688876742,0.043982628634818804,0.0,0.0
0.20126710688876742,0.004464879891201884,0.3944215843113462,1.0
0.20126710688876742,0.004646742441881388,6.925050582349075,1.0
0.20126710688876742,0.03393342578039504,0.008011545526879523,0.0
0.20126710688876742,0.0019368178439655315,0.021231417035977154,1.0
0.20126710688876742,0.007480051895265308,0.003008733678944363,1.0
0.20126710688876742,0.0020424581182228035,0.00040175328959684463,1.0
0.20126710688876742,0.0037408513607366553,0.0003959637083331411,1.0
0.20126710688876742,0.004178473532917941,0.02105962404217315,1.0
0.20126710688876742,0.04326669561722904,2.788809741081733e-05,0.0
0.20126710688876742,0.0037361088938052526,2.100014250804294,1.0
0.20126710688876742,0.03390414527025801,0.0,0.0
0.20126710688876742,0.005077996079734752,0.0007372431966371883,1.0
0.20126710688876742,0.03656034847913248,0.0,0.0
0.20126710688876742,0.03425359140883899,0.00935140827936978,0.0
0.20126710688876742,0.005313079278728707,3.344356131016272e-05,1.0
0.20126710688876742,0.003959533412801461,2.3769534692605707,1.0
0.20126710688876742,0.045196261386220196,0.0,0.0
0.20126710688876742,0.007927966299682848,5.5237843462129134e-05,1.0
0.20126710688876742,0.04617917810992016,0.0,0.0
0.20126710688876742,0.004484094775222226,5.472973810156103,1.0
0.20126710688876742,0.033785950510601556,3.6698847024661765e-07,0.0
0.20126710688876742,0.0053077368986072454,0.0035093890633907305,1.0
0.20126710688876742,0.035740020104784734,0.012963059549399105,0.0
0.20126710688876742,0.0035948004758501423,0.00015412377771913295,1.0
0.20126710688876742,0.004461694704585382,0.10743630588595028,1.0
0.20126710688876742,0.00200552059668337,1.3601691695548175,1.0
0.20126710688876742,0.04302566121019344,0.000178573072738094,0.0
0.20126710688876742,0.00457575118754211,0.6598470598048828,1.0
0.20126710688876742,0.0033499097307780816,0.0049025078870224914,1.0
0.20126710688876742,0.043007169187150265,0.0007727623868003898,0.0
0.20126710688876742,0.0438454991234874,0.001211950372726584,0.0
0.20126710688876742,0.04350789633969214,2.895057428132545e-06,0.0
0.20126710688876742,0.003829518278404216,0.0009055198123142118,1.0
0.20126710688876742,0.036201007880200274,0.0,0.0
0.20126710688876742,0.003903342459137271,1.1438879859442774,1.0
0.20126710688876742,0.005336751738121719,0.624367250185671,1.0
0.20126710688876742,0.04385902899580119,0.00016858123218625815,0.0
0.20126710688876742,0.006719396195368906,0.14027031378205793,1.0
0.20126710688876742,0.033833095346542684,1.4146329352271996e-06,0.0
0.20126710688876742,0.04369070195779021,0.00012946219530128277,0.0
0.20126710688876742,0.04498354945793102,0.0,0.0
0.20126710688876742,0.044972612636247675,0.0,0.0
0.20126710688876742,0.0033753870443919854,0.8910811428525576,1.0
0.20126710688876742,0.0437395499789866,0.0,0.0
0.20126710688876742,0.004697565786851397,1.6731246969096583,1.0
0.20126710688876742,0.004337186798251892,6.9644492558206474,1.0
0.20126710688876742,0.006352206570053123,1.4136811854834708,1.0
0.20126710688876742,0.006194860094239703,7.656531212286932e-05,1.0
0.20126710688876742,0.006643276331716141,0.0737589201821237,1.0
0.20126710688876742,0.0048981755794017335,0.20874510766827298,1.0
0.20126710688876742,0.003926353158133481,0.003838684765464939,1.0
0.20126710688876742,0.03516853206361366,0.0,0.0
0.20126710688876742,0.035835136727873446,0.0,0.0
0.20126710688876742,0.005697258160993205,0.0025090385164254396,1.0
0.20126710688876742,0.034263052520947405,0.0,0.0
0.20126710688876742,0.004793738590153568,0.006664387989950793,1.0
0.20126710688876742,0.04367898438205814,0.0,0.0
0.20126710688876742,0.030252218821393406,6.374359082418136e-05,0.0
0.20126710688876742,0.005903082644745927,0.4974093594600014,1.0
0.20126710688876742,0.03370628814499279,1.0379573641028613e-05,0.0
0.20126710688876742,0.03500771244568111,0.0,0.0
0.20126710688876742,0.04385987139595508,7.310958985351695e-07,0.0
0.20126710688876742,0.03533702651826949,0.006259869197768994,0.0
0.20126710688876742,0.03416090328805698,3.6117583762710134e-05,0.0
0.20126710688876742,0.0030647807657203543,0.5860514692963975,1.0
0.20126710688876742,0.005392839559355712,0.0965650367011358,1.0
0.20126710688876742,0.002290180409681282,0.006718405369404788,1.0
0.20126710688876742,0.006180028820413021,0.017829661588223175,1.0
0.20126710688876742,0.008381070184391236,0.0009161306288347938,1.0
0.20126710688876742,0.033670489502209404,4.548251794538877e-06,0.0
0.20126710688876742,0.03554573623988676,0.0,0.0
0.20126710688876742,0.0053627224576310245,0.06118479988597061,1.0
0.20126710688876742,0.003490275411670027,0.029883143129247926,1.0
0.20126710688876742,0.005019284156846855,0.029713220647978524,1.0
0.20126710688876742,0.005058424124273001,9.96255552686773e-05,1.0
0.20126710688876742,0.034240425030198036,0.0,0.0
0.20126710688876742,0.043972952602916254,0.0001315196094046383,1.0
0.20126710688876742,0.03350214242043749,0.00019072429882537956,0.0
0.20126710688876742,0.006117323188449692,0.08484369851995242,1.0
0.20126710688876742,0.04352423784901133,0.0,0.0
0.20126710688876742,0.034380900119909005,0.0,0.0
0.20126710688876742,0.00955204901312224,0.34868645760108,1.0
0.20126710688876742,0.00295653514523183,0.5885370801467428,1.0
0.20126710688876742,0.03360315719773418,0.007317685732481143,0.0
0.20126710688876742,0.0040371275089486295,0.0741153730421907,1.0
0.20126710688876742,0.03795876153338976,2.035591765622622e-06,0.0
0.20126710688876742,0.0444760967843523,6.951007994096184e-06,0.0
0.20126710688876742,0.005343110551181301,0.15262160896368102,1.0
0.20126710688876742,0.033704256797627355,0.03708159761414422,0.0
0.20126710688876742,0.003927560437537312,4.318809857860033,1.0
0.20126710688876742,0.006188477192391782,0.06724382815335736,1.0
0.20126710688876742,0.006877794560446246,4.004601793468516,1.0
0.20126710688876742,0.03890185482300669,0.01362727388443189,0.0
0.20126710688876742,0.006431547436425482,0.20710329479514528,1.0
0.20126710688876742,0.034880120608222195,0.0,0.0
0.20126710688876742,0.044649223696809195,0.0,0.0
0.20126710688876742,0.0037769039923193156,0.1832345866782401,1.0
0.20126710688876742,0.034570893221764314,4.30751722343174e-05,0.0
0.20126710688876742,0.005268044877080488,0.0017995489219670374,1.0
0.20126710688876742,0.005443593094295676,0.5808246138547242,1.0
0.20126710688876742,0.031053070706846923,1.2226936669125657e-05,0.0
0.20126710688876742,0.0038640935311383324,0.23009121463306048,1.0
0.20126710688876742,0.003325243644020499,0.6292747958041529,1.0
0.20126710688876742,0.04455330435859196,0.008236157403439592,0.0
0.20126710688876742,0.034136712225804014,3.914959476844292e-06,0.0
0.20126710688876742,0.03040545556319512,0.0028707994902997776,0.0
0.20126710688876742,0.043565525366341035,6.80335161915905e-05,0.0
0.20126710688876742,0.03596189683162922,1.978284113610905e-05,0.0
0.20126710688876742,0.04427548743800694,3.850220746900576e-05,0.0
0.20126710688876742,0.004660435315983334,0.003910799391700698,1.0
0.20126710688876742,0.03427967221805628,0.0,0.0
0.20126710688876742,0.042262856202630816,0.0,0.0
0.20126710688876742,0.007943435084415114,0.28541410538389744,1.0
0.20126710688876742,0.004596436005651423,3.4434832103222717,1.0
0.20126710688876742,0.003816917214589771,0.09609235974536932,1.0
0.20126710688876742,0.0035412058580722786,0.01030284132488851,1.0
0.20126710688876742,0.029908284666367004,0.17694925730142003,1.0
0.20126710688876742,0.04356573736633282,5.0139013253861146e-05,0.0
0.20126710688876742,0.00424778582123069,0.0018207833567042335,1.0
0.20126710688876742,0.03414507009530377,0.004519147553243105,0.0
0.20126710688876742,0.03441299135732217,0.0008845972166106654,0.0
0.20126710688876742,0.032016713727780824,0.016387658393366297,0.0
0.20126710688876742,0.035186920002705825,2.326968559323657e-06,0.0
0.20126710688876742,0.04510107370621271,0.0,0.0
0.20126710688876742,0.04474053113060316,4.307123559974121e-05,0.0
0.20126710688876742,0.04386847856947938,6.049669961623152e-06,0.0
0.20126710688876742,0.004052868374804068,0.0002300245950836539,1.0
0.20126710688876742,0.03390036143717268,0.00010557134267996474,0.0
0.20126710688876742,0.04333246657425696,0.0005542095205563946,0.0
0.20126710688876742,0.03435854215491846,0.0003767738686331491,0.0
0.20126710688876742,0.04355316616709734,0.0005709916276195383,0.0
0.20126710688876742,0.03512393686617587,0.0,0.0
0.20126710688876742,0.04515879392213426,0.0,0.0
0.20126710688876742,0.0037169997283834377,0.0015966951403942288,1.0
0.20126710688876742,0.044503427592658545,3.8664257831709285e-05,0.0
0.20126710688876742,0.035641531577187295,0.0,0.0
0.20126710688876742,0.0038849610683395516,0.002584808596774089,1.0
0.20126710688876742,0.04280158854514488,0.00010385896119503799,0.0
0.20126710688876742,0.034617359792935384,0.0,0.0
0.20126710688876742,0.005796727289412176,1.392241844062734,1.0
0.20126710688876742,0.003299037103423487,0.0015239904317173364,1.0
0.20126710688876742,0.04541966993877053,0.0,0.0
0.20126710688876742,0.043538597257950395,3.218220427276124e-07,0.0
0.20126710688876742,0.005556059257858129,0.6498642270203915,1.0
0.20126710688876742,0.034119537085316544,0.013259823189347777,0.0
0.20126710688876742,0.0031591084922029406,0.45174871390441296,1.0
0.20126710688876742,0.0443821179081562,0.00530096468383577,0.0
0.20126710688876742,0.005222870833767063,0.003672144357022884,1.0
0.20126710688876742,0.005654079278423882,0.027200116649118596,1.0
0.20126710688876742,0.0018725567235940608,0.001861539629897453,1.0
0.20126710688876742,0.03492979153466437,0.01152334964369728,0.0
0.20126710688876742,0.03532092712187388,0.0,0.0
0.20126710688876742,0.034199396061239104,0.011563280230884095,0.0
0.20126710688876742,0.0033327108081537,0.01686084940118803,1.0
0.20126710688876742,0.03149031506567242,7.201676633968887e-05,0.0
0.20126710688876742,0.04397180540325113,0.01213052977093059,0.0
0.20126710688876742,0.04368303200020761,0.00010759255821987314,0.0
0.20126710688876742,0.04538360558155795,0.0017113260101172135,0.0
0.20126710688876742,0.044880161516112536,9.755022504404405e-05,0.0
0.20126710688876742,0.004520871484957971,0.20090298789646677,1.0
0.20126710688876742,0.044371523805838343,0.00015148830119263485,0.0
0.20126710688876742,0.03488150592656557,0.02822279739675275,0.0
0.20126710688876742,0.009568083869935025,5.737783953523744,1.0
0.20126710688876742,0.03426819582380193,9.31177764396154e-05,0.0
0.20126710688876742,0.005400361302862106,0.5757277923248246,1.0
0.20126710688876742,0.034321727836251585,6.217636312947741e-05,0.0
0.20126710688876742,0.0036885872944092376,0.05812969438105191,1.0
0.20126710688876742,0.03473212052922288,5.491436319657193e-06,0.0
0.20126710688876742,0.004562549007144206,0.49276950743955755,1.0
0.20126710688876742,0.0035661162704943667,0.20110296822547594,1.0
0.20126710688876742,0.037907459228559294,0.0,0.0
0.20126710688876742,0.04352248243303452,0.0026492620665388472,0.0
0.20126710688876742,0.035211067647166694,0.0,0.0
0.20126710688876742,0.03336490269438291,0.00019745573120856806,0.0
0.20126710688876742,0.004058593806501457,0.29971697353555593,1.0
0.20126710688876742,0.003497215531715752,0.0073567962229969044,1.0
0.20126710688876742,0.004780164190094582,0.0215947479992576,1.0
0.20126710688876742,0.007066280737951914,0.5457771922915808,1.0
0.20126710688876742,0.006294262928036505,0.0010559292653221737,1.0
0.20126710688876742,0.03393110860237114,3.135382375635544e-05,0.0
0.20126710688876742,0.04572349003025461,0.0,0.0
0.20126710688876742,0.005556765657354471,0.00023782015029423758,1.0
0.20126710688876742,0.004173581423220085,3.2457112196802655e-05,1.0
0.20126710688876742,0.03451825876302498,0.0,0.0
0.20126710688876742,0.04435813055808031,0.0,0.0
0.20126710688876742,0.005456811876221698,1.222198222535377,1.0
0.20126710688876742,0.04373712168304221,0.000928624858814259,0.0
0.20126710688876742,0.003967383478408576,0.886722340716615,1.0
0.20126710688876742,0.03371729049283739,0.001027331609909733,0.0
0.20126710688876742,0.031192784064213358,0.0,0.0
0.20126710688876742,0.011821679177546111,1.5318227653258598,1.0
0.20126710688876742,0.001828589220148798,0.0065374589043115,1.0
0.20126710688876742,0.03528791472817944,0.0,0.0
0.20126710688876742,0.016933319324008024,2.6548310143389036,1.0
0.20126710688876742,0.044232316862819865,0.008895104330162077,0.0
0.20126710688876742,0.03395303857189629,7.937444482227788e-06,0.0
0.20126710688876742,0.0023142022237777247,0.025741795574879822,1.0
0.20126710688876742,0.00465088227464997,0.0006289547890598841,1.0
0.20126710688876742,0.0333188430803987,0.030349382202375985,0.0
0.20126710688876742,0.03529981897201121,0.00010710004009375427,0.0
0.20126710688876742,0.0332540502541677,0.007759473994290774,0.0
0.20126710688876742,0.03544390140780365,0.0034791115392743604,0.0
0.20126710688876742,0.03593132571452906,0.0,0.0
0.20126710688876742,0.007144639991302781,0.000660557237789415,1.0
0.20126710688876742,0.043962702345938895,0.011817030278140187,0.0
0.20126710688876742,0.04553903576595705,0.0,0.0
0.20126710688876742,0.0030162225645961075,3.5176598120266296,1.0
0.20126710688876742,0.004822993186954564,0.0026507700904054386,1.0
0.20126710688876742,0.03487363745327141,0.009884514205183733,0.0
0.20126710688876742,0.030974811288013805,0.0,0.0
0.20126710688876742,0.003425427433798351,2.995268568922146,1.0
0.20126710688876742,0.03360175501067287,0.003908321655253375,0.0
0.20126710688876742,0.003427246014756543,0.032060841196676064,1.0
0.20126710688876742,0.005863191332771665,0.011319710921564544,1.0
0.20126710688876742,0.0022445932802807687,0.45057635598763845,1.0
0.20126710688876742,0.04562506307127924,0.0,0.0
0.20126710688876742,0.005275117190107266,0.6740901187556372,1.0
0.20126710688876742,0.033895259775072836,0.001590063446689486,0.0
0.20126710688876742,0.034745977741285586,0.005363991295616047,0.0
0.20126710688876742,0.006737812363363177,0.0016608276286632334,1.0
0.20126710688876742,0.004504540916132867,0.42503041882591314,1.0
0.20126710688876742,0.03348358071433895,0.004694108765381326,0.0
0.20126710688876742,0.004999992973512717,1.7093606422153647e-05,1.0
0.20126710688876742,0.04370125349970318,1.3315399051595808e-05,0.0
0.20126710688876742,0.005368763736513248,0.00348506095348987,1.0
0.20126710688876742,0.04391325535424798,0.0,0.0
0.20126710688876742,0.03465776181367172,0.0,0.0
0.20126710688876742,0.03348709515274842,0.001619902941935738,0.0
0.20126710688876742,0.006036800138650557,1.6183012217167907,1.0
0.20126710688876742,0.005629836224681068,1.5299939919854204,1.0
0.20126710688876742,0.04327485498436754,0.01381321326380451,0.0
0.20126710688876742,0.03796607856718841,0.0,0.0
0.20126710688876742,0.006568709460711904,0.22431370199588074,1.0
0.20126710688876742,0.003014294488776841,0.003012137380526355,1.0
0.20126710688876742,0.0047125554698393786,0.05979682400136616,1.0
0.20126710688876742,0.001496871488034235,0.03161500241230301,1.0
0.20126710688876742,0.04393106169745663,0.001449542992007582,0.0
0.20126710688876742,0.034123376267816474,4.352913912159135e-07,0.0
0.20126710688876742,0.002596066768487381,0.0015238866807856617,1.0
0.20126710688876742,0.005723476752073421,0.8859763487530263,1.0
0.20126710688876742,0.002404544739449279,0.176759102253199,1.0
0.20126710688876742,0.003364337741412547,0.0002363193969782452,1.0
0.20126710688876742,0.0037996895711193577,5.235238305542,1.0
0.20126710688876742,0.00494520146711985,0.012498509480430586,1.0
0.20126710688876742,0.03439133609804851,0.0005339504334974913,0.0
0.20126710688876742,0.044353857966401025,0.0,0.0
0.20126710688876742,0.03546988602550898,0.008320901725457842,0.0
0.20126710688876742,0.0046833408224638854,0.4149057793035157,1.0
0.20126710688876742,0.00562930648738045,0.08204996908991626,1.0
0.20126710688876742,0.004514198585167935,0.24822257055368788,1.0
0.20126710688876742,0.006337724276594639,0.08119705898967915,1.0
0.20126710688876742,0.0034836283246386665,0.0004749999007266051,1.0
0.20126710688876742,0.04536218845265617,0.0,0.0
0.20126710688876742,0.006182777042287203,0.2655982533888661,1.0
0.20126710688876742,0.04368652678772573,0.006276894303010758,0.0
0.20126710688876742,0.044585383031270256,0.0,0.0
0.20126710688876742,0.034035597583015734,4.059367479810352e-05,0.0
0.20126710688876742,0.004563499706280963,0.15341750386416372,1.0
0.20126710688876742,0.004409345635686171,1.475641229383272,1.0
0.20126710688876742,0.03411191313299879,0.0,0.0
0.20126710688876742,0.034127015968004194,1.164862771848768e-06,0.0
0.20126710688876742,0.04403247368548879,0.0,0.0
0.20126710688876742,0.045040926782712015,0.0,0.0
0.20126710688876742,0.036259479889259774,3.568200838266129e-06,0.0
0.20126710688876742,0.011506344647987993,3.0281200307562766,1.0
0.20126710688876742,0.03481446913170917,0.0,0.0
0.20126710688876742,0.0034512564754993944,0.2142562027584398,1.0
0.20126710688876742,0.03370152631017071,2.4613753319825885e-06,0.0
0.20126710688876742,0.005030589081067175,0.003124726559508198,1.0
0.20126710688876742,0.034954664065802867,0.0,0.0
0.20126710688876742,0.031638517464559306,9.3726763499256e-06,1.0
0.20126710688876742,0.031017299409363146,0.08351025119085985,1.0
0.20126710688876742,0.0341964120065431,1.5917624512129864e-06,0.0
0.20126710688876742,0.0052358382116889,0.2730145037518799,1.0
0.20126710688876742,0.008477102183490556,6.7517098726715465,1.0
0.20126710688876742,0.045505561825872454,0.0,0.0
0.20126710688876742,0.0027048814967794584,4.500079130295484,1.0
0.20126710688876742,0.0353169291910974,0.0,0.0
0.20126710688876742,0.003897099747896376,1.242901194121839,1.0
0.20126710688876742,0.034149962900284575,0.003491024257279402,0.0
0.20126710688876742,0.0031400965190471254,0.02439468923344257,1.0
0.20126710688876742,0.003986576961605948,1.028100649040534,1.0
0.20126710688876742,0.0336361569988117,0.0,0.0
0.20126710688876742,0.009383949891797201,2.8349793472263776,1.0
0.20126710688876742,0.03395712563941318,0.0,0.0
0.20126710688876742,0.031685395252874365,0.0,0.0
0.20126710688876742,0.006967500423872525,0.1791452063372384,1.0
0.20126710688876742,0.0061249331790162505,2.4710173475520043,1.0
0.20126710688876742,0.044562362809441744,0.00021879075013574948,0.0
0.20126710688876742,0.044207000049149514,0.004890800089027187,0.0
0.20126710688876742,0.0381523399866318,0.0,0.0
0.20126710688876742,0.035259645939402895,0.0,0.0
0.20126710688876742,0.005043203745406574,0.4288073506772826,1.0
0.20126710688876742,0.03474287513663271,0.0,0.0
0.20126710688876742,0.0035849690601546355,0.15789512617329252,1.0
0.20126710688876742,0.0025487190311324886,0.0963362900311898,1.0
0.20126710688876742,0.005224483893522516,0.36577709102234973,1.0
0.20126710688876742,0.0034104719623681778,0.017268195783480426,1.0
0.20126710688876742,0.006365802906902973,0.08358092631826732,1.0
0.20126710688876742,0.03499317383829051,0.0,0.0
0.40253421377753484,0.005918357348269271,0.0057059580739200885,1.0
0.40253421377753484,0.05418281689683351,0.0033244905976528238,0.0
0.40253421377753484,0.05514018594358536,0.0,0.0
0.40253421377753484,0.054324183686789485,0.11385754555163659,0.0
0.40253421377753484,0.04396028700970385,0.0,0.0
0.40253421377753484,0.05398593619333748,3.849033744524009e-05,0.0
0.40253421377753484,0.04549338442667892,0.0012058724852001825,0.0
0.40253421377753484,0.003050278863361615,4.006283980154145,1.0
0.40253421377753484,0.0032477774680786777,0.11534218398130604,1.0
0.40253421377753484,0.006318778948553507,0.08683797650726714,1.0
0.40253421377753484,0.003792432591302781,0.003993503610944622,1.0
0.40253421377753484,0.00522594677587941,0.06842607271428734,1.0
0.40253421377753484,0.04386598824589612,0.0016219270709533454,0.0
0.40253421377753484,0.006180728919106951,0.3289240447800752,1.0
0.40253421377753484,0.04339777719476826,0.013424252617445993,0.0
0.40253421377753484,0.004049567716568807,0.0010041333479177718,1.0
0.40253421377753484,0.0447078516606169,0.0,0.0
0.40253421377753484,0.003914551634162423,0.8562127467373706,1.0
0.40253421377753484,0.043548309848457686,0.0,0.0
0.40253421377753484,0.055709060278455895,0.0,0.0
0.40253421377753484,0.012079800785531773,2.0100070613723453,1.0
0.40253421377753484,0.05538040166595849,0.0007843640523842063,0.0
0.40253421377753484,0.04342481120813367,1.5157971674176972e-05,0.0
0.40253421377753484,0.05422118652455646,0.0011258503791888755,0.0
0.40253421377753484,0.0033965375069340137,0.005660365290750577,1.0
0.40253421377753484,0.04283498003114967,0.0,0.0
0.40253421377753484,0.04403968894468797,0.0,0.0
0.40253421377753484,0.0042455893050478595,0.6192968360644922,1.0
0.40253421377753484,0.006518530275261922,0.05082307282036017,1.0
0.40253421377753484,0.004466879284320752,0.059308715111642214,1.0
0.40253421377753484,0.044682790361332596,0.003292876169384185,0.0
0.40253421377753484,0.04469881708574958,0.006679121391215862,0.0
0.40253421377753484,0.04589813046796989,0.0,0.0
0.40253421377753484,0.007028157021368738,0.12965004602895217,1.0
0.40253421377753484,0.05436162083011268,0.0,0.0
0.40253421377753484,0.007463348737865953,0.5582207340717464,1.0
0.40253421377753484,0.055150940261009716,3.4422891311379314e-05,0.0
0.40253421377753484,0.05333475286002033,0.00012858164175092847,0.0
0.40253421377753484,0.007905120605473702,0.18401314272564143,1.0
0.40253421377753484,0.04550373406024004,0.0,0.0
0.40253421377753484,0.009805199217614021,0.04651642202074031,1.0
0.40253421377753484,0.006763928912023767,0.002896315899395607,1.0
0.40253421377753484,0.056074349554915685,0.0,0.0
0.40253421377753484,0.006596789224573137,0.31742084183419755,1.0
0.40253421377753484,0.05756559129745309,0.0,0.0
0.40253421377753484,0.003876237516744211,0.00024233557167276673,1.0
0.40253421377753484,0.0051341823043744884,0.07187308579458394,1.0
0.40253421377753484,0.054548159661248,0.0015844882753525721,0.0
0.40253421377753484,0.012794653762779027,0.026832588623986745,1.0
0.40253421377753484,0.043715970742943616,9.75993298321609e-05,0.0
0.40253421377753484,0.05623601619327036,3.1171658609880227e-06,0.0
0.40253421377753484,0.004118146877518936,4.563618149678041,1.0
0.40253421377753484,0.045038470598896485,4.647488070464081e-06,0.0
0.40253421377753484,0.05546614967791401,1.784628224867775e-05,0.0
0.40253421377753484,0.0026140569970198382,0.00028105762885910295,1.0
0.40253421377753484,0.043288720404019716,4.215849428238625e-06,0.0
0.40253421377753484,0.006600340543913524,0.11845535838063319,1.0
0.40253421377753484,0.054381935995917036,0.010756447231222167,0.0
0.40253421377753484,0.04492393031153251,0.0,0.0
0.40253421377753484,0.05403742412865298,0.0,0.0
0.40253421377753484,0.012435260898540076,0.7194932715516718,1.0
0.40253421377753484,0.003970057817099255,0.016626234880078205,1.0
0.40253421377753484,0.00885928500316468,3.2126463413480185e-06,1.0
0.40253421377753484,0.00330587082029973,0.00014871329419106295,1.0
0.40253421377753484,0.05749031814051706,0.0,0.0
0.40253421377753484,0.006412780724619082,0.0576513560967797,1.0
0.40253421377753484,0.05495257211887488,5.327123564883995e-05,0.0
0.40253421377753484,0.05626954277081237,0.0,0.0
0.40253421377753484,0.00808372149444284,0.7438442838044895,1.0
0.40253421377753484,0.05371824169044895,0.0002683930077012437,0.0
0.40253421377753484,0.007319264358656867,0.8028274515213023,1.0
0.40253421377753484,0.04291659461181463,2.5480681830612593e-05,0.0
0.40253421377753484,0.05571092200591687,0.0,0.0
0.40253421377753484,0.005641118202166332,0.6476672170270398,1.0
0.40253421377753484,0.04475793756783761,0.003236469330347268,0.0
0.40253421377753484,0.05625690334757148,0.00023728901505057912,0.0
0.40253421377753484,0.013968201973927947,2.2501650087184997,1.0
0.40253421377753484,0.0568132427239134,6.073640088863928e-06,0.0
0.40253421377753484,0.043384107670599636,0.0011488817090143,0.0
0.40253421377753484,0.04341691658181482,0.00022690361709457285,0.0
0.40253421377753484,0.05439748513249438,0.005984398342810139,0.0
0.40253421377753484,0.0052293686289274985,0.0039985492829392785,1.0
0.40253421377753484,0.005947475791098514,0.8272604717002101,1.0
0.40253421377753484,0.004703450298536218,0.07505942488598334,1.0
0.40253421377753484,0.006080984966231623,0.014276312550622217,1.0
0.40253421377753484,0.05587331173553338,0.0030020268337984895,0.0
0.40253421377753484,0.0033020912549489934,0.06235348342781273,1.0
0.40253421377753484,0.05585288409287057,0.00018434028694728488,0.0
0.40253421377753484,0.04368534267481737,0.006521767930562485,0.0
0.40253421377753484,0.0432688669473163,0.00040252584204008847,0.0
0.40253421377753484,0.04388959529236387,6.650636347810512e-07,0.0
0.40253421377753484,0.004544672289270561,0.00031668679799645483,1.0
0.40253421377753484,0.006948432829393042,0.2961832072154366,1.0
0.40253421377753484,0.04378052146650542,0.00022551799430582157,0.0
0.40253421377753484,0.04336060130077188,4.6858450221394014e-07,0.0
0.40253421377753484,0.04366205289476181,0.00033720146560324945,0.0
0.40253421377753484,0.0034656916599011406,0.1437715715196686,1.0
0.40253421377753484,0.010934460447793564,0.028229287656208066,1.0
0.40253421377753484,0.011044921017861335,0.00021922424725360506,1.0
0.40253421377753484,0.054901376770975445,0.0,0.0
0.40253421377753484,0.004367259172116267,0.3944215843113462,1.0
0.40253421377753484,0.004061769535314168,6.521068079875515,1.0
0.40253421377753484,0.04331829469941649,0.007844839543064298,0.0
0.40253421377753484,0.005179721901559527,0.02510213450939075,1.0
0.40253421377753484,0.009346132076423094,0.0026632552858009647,1.0
0.40253421377753484,0.005518191339939113,0.00039635344543885925,1.0
0.40253421377753484,0.007233117946322242,0.000276962738841104,1.0
0.40253421377753484,0.0060722987894534005,0.018838421122148837,1.0
0.40253421377753484,0.05414855472434628,2.7887962570451314e-05,0.0
0.40253421377753484,0.0027206186950654186,1.9745730029799022,1.0
0.40253421377753484,0.04323075009648927,0.0,0.0
0.40253421377753484,0.00305604666850039,0.0005682331161287221,1.0
0.40253421377753484,0.055421272374917424,0.0,0.0
0.40253421377753484,0.04362696006761606,0.009277620138687954,0.0
0.40253421377753484,0.009894903133515083,2.631172217913307e-05,1.0
0.40253421377753484,0.0034180391601151706,1.9527227701222545,1.0
0.40253421377753484,0.05670594472746828,0.0,0.0
0.40253421377753484,0.010684680628984582,3.877970333599797e-05,1.0
0.40253421377753484,0.05748804938602432,0.0,0.0
0.40253421377753484,0.008255795604804416,6.462463073908824,1.0
0.40253421377753484,0.04315835114337771,3.412681923114942e-07,0.0
0.40253421377753484,0.010441875446845425,0.004034801455815375,1.0
0.40253421377753484,0.045338260136340555,0.01294323049183924,0.0
0.40253421377753484,0.006114731501596496,0.00013458860605344134,1.0
0.40253421377753484,0.006013193814794342,0.11526451738611922,1.0
0.40253421377753484,0.0035237196450536804,1.3592445379182962,1.0
0.40253421377753484,0.05397452808919159,0.00017813129490567198,0.0
0.40253421377753484,0.006069581732102304,0.651397494327462,1.0
0.40253421377753484,0.004818513647450662,0.004224868652324097,1.0
0.40253421377753484,0.053918494129705286,0.0007375086343456846,0.0
0.40253421377753484,0.05547804270623464,0.0012105683370126044,0.0
0.40253421377753484,0.05446854318504956,2.894839690226899e-06,0.0
0.40253421377753484,0.005117417175028737,0.0006950061494484632,1.0
0.40253421377753484,0.04590349644990907,0.0,0.0
0.40253421377753484,0.005705043018358149,0.81004254030243,1.0
0.40253421377753484,0.0064610706045960245,0.5595466666964061,1.0
0.40253421377753484,0.054769506987976335,0.00016831946523160676,0.0
0.40253421377753484,0.009766771221501526,0.12605558102855646,1.0
0.40253421377753484,0.04308703114091719,1.4121419391027425e-06,0.0
0.40253421377753484,0.054649236276371596,0.0001294214614199761,0.0
0.40253421377753484,0.056373979186201274,0.0,0.0
0.40253421377753484,0.056586598364627504,0.0,0.0
0.40253421377753484,0.0036547232405969507,0.9551500248111908,1.0
0.40253421377753484,0.05458597698433282,0.0,0.0
0.40253421377753484,0.004373433988630447,1.2964623760847638,1.0
0.40253421377753484,0.04256566094504047,0.03929896498470135,0.0
0.40253421377753484,0.006501086679191095,1.3940432925727277,1.0
0.40253421377753484,0.054723644801249416,7.02906937905542e-06,0.0
0.40253421377753484,0.00791521861597881,0.07319709762556607,1.0
0.40253421377753484,0.006543164093496874,0.2776810248308075,1.0
0.40253421377753484,0.007449329215336186,0.005000796389809581,1.0
0.40253421377753484,0.0447421474138793,0.0,0.0
0.40253421377753484,0.045653558189424744,0.0,0.0
0.40253421377753484,0.00923414761801893,0.002766705001924687,1.0
0.40253421377753484,0.04360202934977339,0.0,0.0
0.40253421377753484,0.0064779441332554,0.0057892402393632525,1.0
0.40253421377753484,0.05458319760752211,0.0,0.0
0.40253421377753484,0.042227004927362415,4.828689806850572e-05,0.0
0.40253421377753484,0.013628374018983805,0.6218639388534934,1.0
0.40253421377753484,0.043075764793651994,1.023788862898156e-05,0.0
0.40253421377753484,0.04452232915253149,0.0,0.0
0.40253421377753484,0.05477983511629751,7.261427877195799e-07,0.0
0.40253421377753484,0.04506768799479856,0.0062522366601322115,0.0
0.40253421377753484,0.043563943109143806,3.497343499488612e-05,0.0
0.40253421377753484,0.0046613270947772805,0.5322150514151863,1.0
0.40253421377753484,0.0070142243518572685,0.09652501144043467,1.0
0.40253421377753484,0.005622304901046313,0.008464653287007375,1.0
0.40253421377753484,0.007456082767560499,0.01779027326626856,1.0
0.40253421377753484,0.005425056573411638,0.0007029691676639811,1.0
0.40253421377753484,0.04301273434773881,4.5477263772536025e-06,0.0
0.40253421377753484,0.045195344051738626,0.0,0.0
0.40253421377753484,0.00696275601162362,0.06105188717134831,1.0
0.40253421377753484,0.004937492536490255,0.01558408723362794,1.0
0.40253421377753484,0.004011012815005986,0.0255077761259747,1.0
0.40253421377753484,0.010217826610198764,8.406129311145661e-05,1.0
0.40253421377753484,0.04360011083282604,0.0,0.0
0.40253421377753484,0.05545643904896924,0.0001278384981926328,1.0
0.40253421377753484,0.04284194805889574,0.00019067743587516904,0.0
0.40253421377753484,0.0049669383930728275,0.0805293016686232,1.0
0.40253421377753484,0.05437430002986571,0.0,0.0
0.40253421377753484,0.043797912937429975,0.0,0.0
0.40253421377753484,0.016351582834576463,0.37924662312760415,1.0
0.40253421377753484,0.04366000632044382,0.11928414234843607,0.0
0.40253421377753484,0.04295188829767077,0.004914413911472807,0.0
0.40253421377753484,0.008203929846158918,0.08561366641573774,1.0
0.40253421377753484,0.055326431086432586,1.7008857895198401e-06,0.0
0.40253421377753484,0.05546293565764993,6.518771542761027e-06,0.0
0.40253421377753484,0.006960053893948922,0.15259869499635917,1.0
0.40253421377753484,0.04299026013232342,0.03029408532199727,0.0
0.40253421377753484,0.0035992588607857917,3.893377328608082,1.0
0.40253421377753484,0.009158375053393706,0.06703913532557101,1.0
0.40253421377753484,0.010834936034974468,4.801876824619887,1.0
0.40253421377753484,0.05485069700035629,0.012299121321004199,0.0
0.40253421377753484,0.009163737034683105,0.199382561995246,1.0
0.40253421377753484,0.044340428502079615,0.0,0.0
0.40253421377753484,0.05622926668085924,0.0,0.0
0.40253421377753484,0.004780420495119295,0.1473071106072208,1.0
0.40253421377753484,0.04408438605276048,4.304329390145478e-05,0.0
0.40253421377753484,0.007081956028645233,0.002156971167310536,1.0
0.40253421377753484,0.007122457997938551,0.5156008275917469,1.0
0.40253421377753484,0.0431922711450157,1.2223091632441353e-05,0.0
0.40253421377753484,0.005430177405501559,0.22739139884037984,1.0
0.40253421377753484,0.004727918939652618,0.38999229841238175,1.0
0.40253421377753484,0.05618221472567272,0.008233777759289247,0.0
0.40253421377753484,0.04346709805267049,3.911220658204486e-06,0.0
0.40253421377753484,0.04241849315762007,0.0028477832942240236,0.0
0.40253421377753484,0.054473486446158195,6.803275841204848e-05,0.0
0.40253421377753484,0.045693470386198184,1.974093981301581e-05,0.0
0.40253421377753484,0.05518822132698306,3.849843520665498e-05,0.0
0.40253421377753484,0.003969517454197231,0.003564203638129623,1.0
0.40253421377753484,0.04358221579634988,0.0,0.0
0.40253421377753484,0.056479817239639095,0.0,0.0
0.40253421377753484,0.04352041243119726,0.001856075665633125,0.0
0.40253421377753484,0.004040225407566739,3.2226008702543982,1.0
0.40253421377753484,0.0029189036729528116,0.01347326253452157,1.0
0.40253421377753484,0.00795245159309868,0.011904474591750367,1.0
0.40253421377753484,0.05488531430486466,0.014951573770837688,0.0
0.40253421377753484,0.054464402805146625,5.0121917890013186e-05,0.0
0.40253421377753484,0.005122391706511782,0.001566903879838086,1.0
0.40253421377753484,0.0435277772341395,0.004518828720520884,0.0
0.40253421377753484,0.043738257921461965,0.0008829918956437114,0.0
0.40253421377753484,0.043620207115132065,0.01638270490557273,0.0
0.40253421377753484,0.044641677493684404,2.3256308038496967e-06,0.0
0.40253421377753484,0.05668049481913808,0.0,0.0
0.40253421377753484,0.05597886859956725,4.306247436245425e-05,0.0
0.40253421377753484,0.05489881021617348,5.597964797113356e-06,0.0
0.40253421377753484,0.004252691436887037,0.00020392542660441825,1.0
0.40253421377753484,0.04339020309717969,0.0001051070540282121,0.0
0.40253421377753484,0.05436839389578041,0.0005530943389903449,0.0
0.40253421377753484,0.05428755219748767,0.00036333132101113065,0.0
0.40253421377753484,0.05439543823043476,0.0005325695962375395,0.0
0.40253421377753484,0.04467262631678868,0.0,0.0
0.40253421377753484,0.05616833925130067,0.0,0.0
0.40253421377753484,0.005805138036983638,0.0015686121185818104,1.0
0.40253421377753484,0.05598847866298177,3.807089302167974e-05,0.0
0.40253421377753484,0.045175540873010664,0.0,0.0
0.40253421377753484,0.0032339936151174085,0.0023152361109380687,1.0
0.40253421377753484,0.053704059745504434,9.342333207288352e-05,0.0
0.40253421377753484,0.04404515684769929,0.0,0.0
0.40253421377753484,0.007341724442428671,1.3870075708287162,1.0
0.40253421377753484,0.004448790791427636,0.0014948861582725504,1.0
0.40253421377753484,0.05692881706074177,0.0,0.0
0.40253421377753484,0.05442197375471461,3.2179991130192927e-07,0.0
0.40253421377753484,0.007963142365624704,0.5729777520057978,1.0
0.40253421377753484,0.04355533231330736,0.013184866773210893,0.0
0.40253421377753484,0.003524254071779326,0.38962479242510906,1.0
0.40253421377753484,0.05535396648761301,0.005289756989229729,0.0
0.40253421377753484,0.005604519121502192,0.016196642948101275,1.0
0.40253421377753484,0.007173206607952785,0.02706307965140378,1.0
0.40253421377753484,0.00456686756622607,0.002092127491289329,1.0
0.40253421377753484,0.04448790864064635,0.011487289338839217,0.0
0.40253421377753484,0.04499625155608331,0.0,0.0
0.40253421377753484,0.043611092651429983,0.011546825565427868,0.0
0.40253421377753484,0.0033035855345466434,0.016186720119448526,1.0
0.40253421377753484,0.04339216490863913,6.503094158285986e-05,0.0
0.40253421377753484,0.05496874251555974,0.011723052963094184,0.0
0.40253421377753484,0.05473836333339986,9.377153167113308e-05,0.0
0.40253421377753484,0.056891814196760274,0.0016874777622493,0.0
0.40253421377753484,0.05601045460082439,9.567969423604043e-05,0.0
0.40253421377753484,0.003542934447035212,0.019862351412580047,1.0
0.40253421377753484,0.05586037881392804,0.0001482681902965863,0.0
0.40253421377753484,0.04440963069966994,0.028197917437027757,0.0
0.40253421377753484,0.01677886135050209,6.259105988461734,1.0
0.40253421377753484,0.0437223676133516,8.538567824510758e-05,0.0
0.40253421377753484,0.003596637823180544,0.3910945801662429,1.0
0.40253421377753484,0.043751017971866465,6.145259334442845e-05,0.0
0.40253421377753484,0.005270697539518728,0.058075003902953566,1.0
0.40253421377753484,0.044180127468868416,5.47904605136088e-06,0.0
0.40253421377753484,0.005967809650203503,0.4884735369182361,1.0
0.40253421377753484,0.004415293080409355,0.1978597350540041,1.0
0.40253421377753484,0.05525901545831834,0.0,0.0
0.40253421377753484,0.05442073838687285,0.0026489514232339007,0.0
0.40253421377753484,0.044665849523599824,0.0,0.0
0.40253421377753484,0.04273368465077079,0.0001904992100926085,0.0
0.40253421377753484,0.006819552467471854,0.29864785454438775,1.0
0.40253421377753484,0.0053239973738303656,0.00734664468773564,1.0
0.40253421377753484,0.006330755696847524,0.019905854432681093,1.0
0.40253421377753484,0.006016170702873505,2.003766114871983,1.0
0.40253421377753484,0.006326063750064141,0.0008175109191310395,1.0
0.40253421377753484,0.04335010496990245,2.3351296745702962e-05,0.0
0.40253421377753484,0.057248787308518574,0.0,0.0
0.40253421377753484,0.006612590544062681,0.000237449492990973,1.0
0.40253421377753484,0.008825377989244685,2.5893799658561767e-05,1.0
0.40253421377753484,0.04396627896368585,0.0,0.0
0.40253421377753484,0.0558829448528705,0.0,0.0
0.40253421377753484,0.0025985967679829805,1.0456515584689308,1.0
0.40253421377753484,0.054725522001759994,0.0009254903703608765,0.0
0.40253421377753484,0.004869066360830811,0.8432769959730773,1.0
0.40253421377753484,0.04312181195654158,0.0009856776118231838,0.0
0.40253421377753484,0.04361003986018995,0.0,0.0
0.40253421377753484,0.0187713583280808,1.7716570918046142,1.0
0.40253421377753484,0.004326593197626048,0.007409597546656493,1.0
0.40253421377753484,0.044746499258947345,0.0,0.0
0.40253421377753484,0.022433972740968817,3.1749555488872776,1.0
0.40253421377753484,0.05561555395883033,0.008789391833360409,0.0
0.40253421377753484,0.04333923451002997,7.933038881563286e-06,0.0
0.40253421377753484,0.005406880550349193,0.023543052443014096,1.0
0.40253421377753484,0.0034133273904898287,0.0005436122120017876,1.0
0.40253421377753484,0.04261997696729263,0.028381494370196027,0.0
0.40253421377753484,0.04476586881191045,0.00010676272461796899,0.0
0.40253421377753484,0.04257844975006521,0.0077578676639402135,0.0
0.40253421377753484,0.04489075567487524,0.003365926815917517,0.0
0.40253421377753484,0.04547977032820619,0.0,0.0
0.40253421377753484,0.004453206925187685,0.006456036536466756,1.0
0.40253421377753484,0.05491637978571807,0.01181200052301498,0.0
0.40253421377753484,0.05659038231162797,0.0,0.0
0.40253421377753484,0.0033476473556462074,3.107615990629731,1.0
0.40253421377753484,0.006123216126154992,0.0022398676769691305,1.0
0.40253421377753484,0.044304522987414954,0.009639748515350896,0.0
0.40253421377753484,0.04422592168000374,0.0,0.0
0.40253421377753484,0.0044517204818928,2.5744977223448644,1.0
0.40253421377753484,0.04298264612913438,0.003900985148288683,0.0
0.40253421377753484,0.00501220776800908,0.032022495605151836,1.0
0.40253421377753484,0.006642436958841608,0.010933309505674487,1.0
0.40253421377753484,0.005977604906160674,0.52240723991587,1.0
0.40253421377753484,0.05718398026124458,0.0,0.0
0.40253421377753484,0.006474512872679195,0.5954155082084497,1.0
0.40253421377753484,0.0432808959435283,0.0015228849518249547,0.0
0.40253421377753484,0.04420740532094665,0.0053637787118546235,0.0
0.40253421377753484,0.003401688580113126,0.0013126717237520904,1.0
0.40253421377753484,0.005935144100754045,0.3909172038999688,1.0
0.40253421377753484,0.04281153350212443,0.004547303655482731,0.0
0.40253421377753484,0.006707075096334374,1.1523475596773376e-05,1.0
0.40253421377753484,0.05504725439778129,1.2041707014217724e-05,0.0
0.40253421377753484,0.0067164845343113,0.0031091341837228663,1.0
0.40253421377753484,0.05488125909568248,0.0,0.0
0.40253421377753484,0.0441676477486862,0.0,0.0
0.40253421377753484,0.04286601150493499,0.0016161618886588343,0.0
0.40253421377753484,0.007221018319476705,1.1153522742876074,1.0
0.40253421377753484,0.007123438548375393,1.4363753070569716,1.0
0.40253421377753484,0.05415327202583241,0.013807855613908715,0.0
0.40253421377753484,0.05530375200168158,0.0,0.0
0.40253421377753484,0.007874041472889259,0.21761766011622244,1.0
0.40253421377753484,0.004267188106807644,0.0026841650316314094,1.0
0.40253421377753484,0.0060561453601139575,0.05456764754657849,1.0
0.40253421377753484,0.005650999503900733,0.04013837618118075,1.0
0.40253421377753484,0.05486394972596162,0.001448660240898589,0.0
0.40253421377753484,0.043539118197526344,4.3518211244036544e-07,0.0
0.40253421377753484,0.04273492598755463,0.0006273278381517202,0.0
0.40253421377753484,0.006184125392043992,0.8987150809759409,1.0
0.40253421377753484,0.005959695284673964,0.20810670124365385,1.0
0.40253421377753484,0.005186992397010392,0.0001861187907551685,1.0
0.40253421377753484,0.042653647809506416,0.07879918659754569,0.0
0.40253421377753484,0.0050785667706246705,0.02282609111495391,1.0
0.40253421377753484,0.04382002192409322,0.0005338648708651827,0.0
0.40253421377753484,0.05536445187829048,0.0,0.0
0.40253421377753484,0.054846982128809216,0.00828461971713329,0.0
0.40253421377753484,0.005422538248414661,0.1562012281180381,1.0
0.40253421377753484,0.003886745004905585,0.06668130986220701,1.0
0.40253421377753484,0.0062934050403655965,0.2472185252594897,1.0
0.40253421377753484,0.054118196279838396,0.0029450778088638534,0.0
0.40253421377753484,0.009895425987893867,0.00015714767043753424,1.0
0.40253421377753484,0.05654654416164234,0.0,0.0
0.40253421377753484,0.00795257597120811,0.259139383226599,1.0
0.40253421377753484,0.05477977933658361,0.0062762978232106265,0.0
0.40253421377753484,0.055584793435739674,0.0,0.0
0.40253421377753484,0.04346006906767755,4.057695576396158e-05,0.0
0.40253421377753484,0.006762157323334549,0.14995082002126067,1.0
0.40253421377753484,0.006747648314923867,1.39055118265863,1.0
0.40253421377753484,0.04353242131951286,0.0,0.0
0.40253421377753484,0.04358583374324532,1.0784982329281663e-06,0.0
0.40253421377753484,0.055184981877482414,0.0,0.0
0.40253421377753484,0.056656852765291324,0.0,0.0
0.40253421377753484,0.04612418431166269,3.4892773956440026e-06,0.0
0.40253421377753484,0.016248246203287856,3.629288364033821,1.0
0.40253421377753484,0.044205716239051285,0.0,0.0
0.40253421377753484,0.003747864644748364,0.17907465825927188,1.0
0.40253421377753484,0.043023276654626075,2.448663150712394e-06,0.0
0.40253421377753484,0.004553086234403006,0.008142549361286885,1.0
0.40253421377753484,0.0443940198933643,0.0,0.0
0.40253421377753484,0.04126855424890883,7.794754750011884e-06,1.0
0.40253421377753484,0.013755369952099496,2.9353202253405364,1.0
0.40253421377753484,0.043660693514705945,1.3446940520901822e-06,0.0
0.40253421377753484,0.009076975835312032,0.34943200470687685,1.0
0.40253421377753484,0.013281520885638741,8.00638590635728,1.0
0.40253421377753484,0.056982801032265266,0.0,0.0
0.40253421377753484,0.003364146469161602,4.084230322746367,1.0
0.40253421377753484,0.044860530975247476,0.0,0.0
0.40253421377753484,0.0038929175929903375,1.23495249323967,1.0
0.40253421377753484,0.043709050213409165,0.0028754124277815298,0.0
0.40253421377753484,0.005105435501788587,0.021680101067457574,1.0
0.40253421377753484,0.006055015169493522,0.7352545806232755,1.0
0.40253421377753484,0.04292663902310443,0.0,0.0
0.40253421377753484,0.012389251357362893,3.6307599930840944,1.0
0.40253421377753484,0.04332451515835971,0.0,0.0
0.40253421377753484,0.04419311373923193,0.0,0.0
0.40253421377753484,0.009950457441267884,0.17661496967903426,1.0
0.40253421377753484,0.00733052940522636,2.4583429097325724,1.0
0.40253421377753484,0.05543149329754429,0.00021750898364653217,0.0
0.40253421377753484,0.05523806540320464,0.003949939968755417,0.0
0.40253421377753484,0.05572051329488674,0.0,0.0
0.40253421377753484,0.0448463932952518,0.0,0.0
0.40253421377753484,0.006598454808259258,0.39234119345137586,1.0
0.40253421377753484,0.044088461546817406,0.0,0.0
0.40253421377753484,0.005080691601410384,0.12849299615656357,1.0
0.40253421377753484,0.003619427870390775,0.09556424779213923,1.0
0.40253421377753484,0.006677602839544057,0.330903160856483,1.0
0.40253421377753484,0.004995291640905241,0.0165651104683996,1.0
0.40253421377753484,0.012811481289836396,0.08707158436196318,1.0
0.40253421377753484,0.044455115285245476,0.0,0.0
